job,converted
student,74.72222222222223
retired,66.32390745501286
unemployed,56.582633053221286
management,50.701480904130946
unknown,48.57142857142857
admin.,47.301349325337334
self-employed,46.17283950617284
technician,46.077893582007675
services,39.978331527627304
housemaid,39.78102189781022
entrepreneur,37.5
blue-collar,36.41975308641975
