month,converted
apr,62.51354279523294
aug,45.29295589203423
dec,90.9090909090909
feb,56.829896907216494
jan,41.27906976744186
jul,41.41347424042272
jun,44.680851063829785
mar,89.85507246376811
may,32.75495750708215
nov,42.735949098621425
oct,82.39795918367348
sep,84.32601880877742
